device_id,device_name,status,source_url,source_page
DEV-006,Galaxy S26+ 256GB,OK,https://gvpcertvideos.att.com/att-videos/2026/gvp_S26_5001972/gvp_S26_5001972_480.jpg,https://www.att.com/buy/phones/samsung-galaxy-s26-ultra-512gb-cobalt-violet.html
DEV-007,Galaxy S26 Ultra 256GB,OK,https://wallup.net/wp-content/uploads/2016/01/122193-galaxy-spiral_galaxy-space.jpg,https://wallup.net/galaxy-spiral-galaxy-space-4/
DEV-008,Galaxy S26 FE 256GB,OK,https://cdn.mos.cms.futurecdn.net/9rsiRSbhwqjzecwKFYx6Ci.jpg,https://animalia-life.club/qa/pictures/beautiful-milky-way-galaxy
DEV-009,Galaxy Z Fold8 Ultra 256GB,OK,https://wallup.net/wp-content/uploads/2016/01/122193-galaxy-spiral_galaxy-space.jpg,https://wallup.net/galaxy-spiral-galaxy-space-4/
DEV-010,Galaxy S25 256GB,OK,https://wallup.net/wp-content/uploads/2016/01/122193-galaxy-spiral_galaxy-space.jpg,https://wallup.net/galaxy-spiral-galaxy-space-4/
DEV-011,Galaxy S25+ 256GB,OK,https://wallup.net/wp-content/uploads/2016/01/122193-galaxy-spiral_galaxy-space.jpg,https://wallup.net/galaxy-spiral-galaxy-space-4/
DEV-012,Galaxy S25 Ultra 256GB,OK,https://wallup.net/wp-content/uploads/2016/01/122193-galaxy-spiral_galaxy-space.jpg,https://wallup.net/galaxy-spiral-galaxy-space-4/
DEV-013,Galaxy S25 Edge 256GB,OK,https://wallup.net/wp-content/uploads/2016/01/122193-galaxy-spiral_galaxy-space.jpg,https://wallup.net/galaxy-spiral-galaxy-space-4/
DEV-014,Galaxy S25 FE 256GB,OK,https://cdn.mos.cms.futurecdn.net/9rsiRSbhwqjzecwKFYx6Ci.jpg,https://animalia-life.club/qa/pictures/beautiful-milky-way-galaxy
DEV-015,Galaxy Z Fold7 256GB,OK,https://wallup.net/wp-content/uploads/2016/01/122193-galaxy-spiral_galaxy-space.jpg,https://wallup.net/galaxy-spiral-galaxy-space-4/
DEV-016,Galaxy Z Flip7 256GB,OK,https://wallup.net/wp-content/uploads/2016/01/122193-galaxy-spiral_galaxy-space.jpg,https://wallup.net/galaxy-spiral-galaxy-space-4/
DEV-017,Galaxy Z Flip7 FE 256GB,OK,https://cdn.mos.cms.futurecdn.net/9rsiRSbhwqjzecwKFYx6Ci.jpg,https://animalia-life.club/qa/pictures/beautiful-milky-way-galaxy
DEV-018,Galaxy A37 5G 128GB,OK,https://wallup.net/wp-content/uploads/2016/01/122193-galaxy-spiral_galaxy-space.jpg,https://wallup.net/galaxy-spiral-galaxy-space-4/
DEV-019,Galaxy A36 5G 128GB,OK,https://wallup.net/wp-content/uploads/2016/01/122193-galaxy-spiral_galaxy-space.jpg,https://wallup.net/galaxy-spiral-galaxy-space-4/
DEV-020,Galaxy A17 LTE 128GB,OK,https://wallup.net/wp-content/uploads/2016/01/122193-galaxy-spiral_galaxy-space.jpg,https://wallup.net/galaxy-spiral-galaxy-space-4/
DEV-021,Galaxy A16 LTE 128GB,OK,https://wallup.net/wp-content/uploads/2016/01/122193-galaxy-spiral_galaxy-space.jpg,https://wallup.net/galaxy-spiral-galaxy-space-4/
DEV-022,Galaxy Jump5 128GB,OK,https://wallup.net/wp-content/uploads/2016/01/122193-galaxy-spiral_galaxy-space.jpg,https://wallup.net/galaxy-spiral-galaxy-space-4/
DEV-023,Galaxy Jump4 128GB,OK,https://wallup.net/wp-content/uploads/2016/01/122193-galaxy-spiral_galaxy-space.jpg,https://wallup.net/galaxy-spiral-galaxy-space-4/
DEV-024,Galaxy S24 FE 256GB,OK,https://cdn.mos.cms.futurecdn.net/9rsiRSbhwqjzecwKFYx6Ci.jpg,https://animalia-life.club/qa/pictures/beautiful-milky-way-galaxy
DEV-025,iPhone 16e 128GB,OK,https://www.apple.com/newsroom/images/2025/09/apple-unveils-iphone-17-pro-and-iphone-17-pro-max/article/Apple-iPhone-17-Pro-color-lineup-250909_inline.jpg.large_2x.jpg,https://www.apple.com/hk/en/newsroom/2025/09/apple-unveils-iphone-17-pro-and-iphone-17-pro-max-the-most-powerful-and-advanced-pro-models-ever/
DEV-026,iPhone Air 256GB,OK,https://www.apple.com/newsroom/images/2025/09/apple-unveils-iphone-17-pro-and-iphone-17-pro-max/article/Apple-iPhone-17-Pro-color-lineup-250909_inline.jpg.large_2x.jpg,https://www.apple.com/hk/en/newsroom/2025/09/apple-unveils-iphone-17-pro-and-iphone-17-pro-max-the-most-powerful-and-advanced-pro-models-ever/
DEV-027,iPhone 17 Pro Max 256GB,OK,https://www.apple.com/newsroom/images/2025/09/apple-unveils-iphone-17-pro-and-iphone-17-pro-max/article/Apple-iPhone-17-Pro-color-lineup-250909_inline.jpg.large_2x.jpg,https://www.apple.com/th/newsroom/2025/09/apple-unveils-iphone-17-pro-and-iphone-17-pro-max-the-most-powerful-and-advanced-pro-models-ever/
DEV-028,iPhone 17e 256GB,OK,https://www.apple.com/newsroom/images/2026/03/apple-introduces-iphone-17e/geo/Apple-iPhone-17e-family-lineup-ROW-260302_big.jpg.large_2x.jpg,https://www.apple.com/ca/newsroom/2026/03/apple-introduces-iphone-17e/
DEV-029,iPhone 18 Pro 256GB,OK,https://www.apple.com/newsroom/images/2025/09/apple-unveils-iphone-17-pro-and-iphone-17-pro-max/article/Apple-iPhone-17-Pro-color-lineup-250909_inline.jpg.large_2x.jpg,https://www.apple.com/hk/en/newsroom/2025/09/apple-unveils-iphone-17-pro-and-iphone-17-pro-max-the-most-powerful-and-advanced-pro-models-ever/
DEV-030,iPhone 18 Pro Max 256GB,OK,https://www.apple.com/newsroom/images/2025/09/apple-unveils-iphone-17-pro-and-iphone-17-pro-max/article/Apple-iPhone-17-Pro-color-lineup-250909_inline.jpg.large_2x.jpg,https://www.apple.com/hk/en/newsroom/2025/09/apple-unveils-iphone-17-pro-and-iphone-17-pro-max-the-most-powerful-and-advanced-pro-models-ever/
DEV-031,iPhone 15 128GB,OK,https://www.apple.com/newsroom/images/2023/09/apple-debuts-iphone-15-and-iphone-15-plus/article/Apple-iPhone-15-lineup-hero-geo-230912_inline.jpg.large_2x.jpg,https://www.apple.com/uk/newsroom/2023/09/apple-debuts-iphone-15-and-iphone-15-plus/
DEV-032,iPhone 15 Plus 128GB,OK,https://www.apple.com/v/iphone/compare/ah/images/meta/compare__b5xf30djrsia_og.png?202412111328,"https://www.apple.com/iphone/compare/?modelList=iphone-16-pro-max,iphone-16-pro,iphone-16-plus"
DEV-033,iPhone 15 Pro 128GB,OK,https://www.apple.com/newsroom/images/2023/09/apple-unveils-iphone-15-pro-and-iphone-15-pro-max/article/Apple-iPhone-15-Pro-lineup-color-lineup-geo-230912_big.jpg.large_2x.jpg,https://www.apple.com/uk/newsroom/2023/09/apple-unveils-iphone-15-pro-and-iphone-15-pro-max/
DEV-034,iPhone 15 Pro Max 256GB,OK,https://www.apple.com/newsroom/images/2023/09/apple-unveils-iphone-15-pro-and-iphone-15-pro-max/article/Apple-iPhone-15-Pro-lineup-color-lineup-geo-230912_big.jpg.large_2x.jpg,https://www.apple.com/pl/newsroom/2023/09/apple-unveils-iphone-15-pro-and-iphone-15-pro-max/
DEV-035,Galaxy S23 FE 256GB,OK,https://cdn.mos.cms.futurecdn.net/9rsiRSbhwqjzecwKFYx6Ci.jpg,https://animalia-life.club/qa/pictures/beautiful-milky-way-galaxy
DEV-036,Galaxy Jump3 128GB,OK,https://wallup.net/wp-content/uploads/2016/01/122193-galaxy-spiral_galaxy-space.jpg,https://wallup.net/galaxy-spiral-galaxy-space-4/
DEV-037,Galaxy S24 256GB,OK,https://wallup.net/wp-content/uploads/2016/01/122193-galaxy-spiral_galaxy-space.jpg,https://wallup.net/galaxy-spiral-galaxy-space-4/
DEV-038,Galaxy S24+ 256GB,OK,https://wallup.net/wp-content/uploads/2016/01/122193-galaxy-spiral_galaxy-space.jpg,https://wallup.net/galaxy-spiral-galaxy-space-4/
DEV-039,Galaxy S24 Ultra 256GB,OK,https://image-us.samsung.com/us/smartphones/galaxy-s24/all-gallery/01_E3_OnlineExclusive_TitaniumBlue_Lockup_1600x1200.jpg?$product-details-jpg$?$product-details-thumbnail-jpg$,https://www.samsung.com/us/smartphones/galaxy-s24-ultra/buy/galaxy-s24-ultra-512gb-verizon-sm-s928uzvfvzw/?nrtv_cid=25sw2gr8cqfng&nrtv_as_src=1&nrtv_cid=25sw2gr8cqfng
DEV-040,Galaxy A25 5G 128GB,OK,https://wallup.net/wp-content/uploads/2016/01/122193-galaxy-spiral_galaxy-space.jpg,https://wallup.net/galaxy-spiral-galaxy-space-4/
DEV-041,Galaxy A35 5G 128GB,OK,https://wallup.net/wp-content/uploads/2016/01/122193-galaxy-spiral_galaxy-space.jpg,https://wallup.net/galaxy-spiral-galaxy-space-4/
DEV-042,Galaxy Z Fold6 256GB,OK,https://wallup.net/wp-content/uploads/2016/01/122193-galaxy-spiral_galaxy-space.jpg,https://wallup.net/galaxy-spiral-galaxy-space-4/
DEV-043,Galaxy Z Flip6 256GB,OK,https://wallup.net/wp-content/uploads/2016/01/122193-galaxy-spiral_galaxy-space.jpg,https://wallup.net/galaxy-spiral-galaxy-space-4/
DEV-044,iPhone 16 128GB,OK,https://www.apple.com/v/iphone/compare/ah/images/meta/compare__b5xf30djrsia_og.png?202412111328,"https://www.apple.com/iphone/compare/?modelList=iphone-16-pro-max,iphone-16-pro,iphone-16-plus"
DEV-045,iPhone 16 Plus 128GB,OK,https://www.apple.com/v/iphone/compare/ah/images/meta/compare__b5xf30djrsia_og.png?202412111328,"https://www.apple.com/iphone/compare/?modelList=iphone-16-pro-max,iphone-16-pro,iphone-16-plus"
DEV-046,iPhone 16 Pro 128GB,OK,https://www.apple.com/v/iphone/compare/ah/images/meta/compare__b5xf30djrsia_og.png?202412111328,"https://www.apple.com/iphone/compare/?modelList=iphone-16-pro-max,iphone-16-pro,iphone-16-plus"
DEV-047,iPhone 16 Pro Max 256GB,OK,https://cdsassets.apple.com/live/7WUAS350/images/tech-specs/121032-iphone-16-pro-max.png,https://support.apple.com/en-lk/121032
DEV-048,Galaxy A15 LTE 128GB,OK,https://wallup.net/wp-content/uploads/2016/01/122193-galaxy-spiral_galaxy-space.jpg,https://wallup.net/galaxy-spiral-galaxy-space-4/
