device_id,device_name,status,official_source_page,image_url,score,reason,note
DEV-007,Galaxy S26 Ultra 256GB,FAILED_REVIEW_REQUIRED,https://www.samsung.com/sec/smartphones/galaxy-s26-ultra/specs/,,,명백한 오탐: Samsung 공용 로고 이미지,no high-confidence product image found; top candidates: 197:https://images.samsung.com/sec/smartphones/galaxy-s26-ultra/specs/images/spec-galaxy-s26-ultra-cobalt-violet.jpg | 197:https://images.samsung.com/sec/smartphones/galaxy-s26-ultra/specs/images/spec-galaxy-s26-ultra-sky-blue.jpg | 197:https://images.samsung.com/sec/smartphones/galaxy-s26-ultra/specs/images/spec-galaxy-s26-ultra-black.jpg | 197:https://images.samsung.com/sec/smartphones/galaxy-s26-ultra/specs/images/spec-galaxy-s26-ultra-white.jpg | 197:https://images.samsung.com/sec/smartphones/galaxy-s26-ultra/specs/images/spec-galaxy-s26-ultra-pink-gold.jpg
DEV-009,Galaxy Z Fold8 Ultra 256GB,FAILED_REVIEW_REQUIRED,https://www.samsung.com/sec/smartphones/galaxy-z-fold8-ultra/specs/,,,명백한 오탐: Samsung 공용 로고 이미지,no high-confidence product image found; top candidates: 197:https://images.samsung.com/sec/smartphones/galaxy-z-fold8-ultra/specs/images/spec-galaxy-z-fold8-ultra-violet-shadow.jpg | 197:https://images.samsung.com/sec/smartphones/galaxy-z-fold8-ultra/specs/images/spec-galaxy-z-fold8-ultra-graphite.jpg | 197:https://images.samsung.com/sec/smartphones/galaxy-z-fold8-ultra/specs/images/spec-galaxy-z-fold8-ultra-cream.jpg | 197:https://images.samsung.com/sec/smartphones/galaxy-z-fold8-ultra/specs/images/spec-galaxy-z-fold8-ultra-green-shadow.jpg | 12:https://www.samsung.com/sec/static/_images/common/sns-kakao@3x.png
DEV-011,Galaxy S25+ 256GB,FAILED_REVIEW_REQUIRED,https://www.samsung.com/sec/smartphones/galaxy-s25/specs/,,,기존 자동 추출 실패,no high-confidence product image found; top candidates: 377:https://images.samsung.com/sec/smartphones/galaxy-s25/specs/images/spec-galaxy-s25-plus-navy.jpg | 377:https://images.samsung.com/sec/smartphones/galaxy-s25/specs/images/spec-galaxy-s25-plus-icyblue.jpg | 377:https://images.samsung.com/sec/smartphones/galaxy-s25/specs/images/spec-galaxy-s25-plus-silver-shadow.jpg | 377:https://images.samsung.com/sec/smartphones/galaxy-s25/specs/images/spec-galaxy-s25-plus-mint.jpg | 377:https://images.samsung.com/sec/smartphones/galaxy-s25/specs/images/spec-galaxy-s25-plus-blueblack.jpg
DEV-018,Galaxy A37 5G 128GB,OK_REPLACED,https://www.samsung.com/sec/smartphones/galaxy-a37-5g-a376/SM-A376NZWAKOO/,https://images.samsung.com/kdp/static/pd/mobile/galaxy-a37/SM-A376N_web_14_1_carousel.jpg,542,대표 이미지 개선: 기능 설명 이미지 대신 단말 대표 이미지,도시의 강 위에 놓인 다리에 기대어 서 있는 젊은 여성의 사진입니다. 갤럭시 A37 5G의 AI 지우개 기능을 사용해 배경에 있는 주변 인물과 사물들이 지워질 대상으로 선택되어 있는 모습입니다.   visual_img pc 
DEV-019,Galaxy A36 5G 128GB,OK_REPLACED,https://www.samsung.com/sec/smartphones/galaxy-a36-5g-a366/SM-A366NZKAKOO/,https://images.samsung.com/kdp/static/pd/smartphone/SM-A366N_mo_12_1.jpg,362,대표 이미지 개선: 기능 설명 이미지 대신 단말 대표 이미지,"중앙에 스마트폰 잠금 화면이 있고, 하단의 나우 바에 삼성 헬스의 달리기 트래커가 표시되어 있습니다. 화면 주변에는 갤러리, 일일 활동, 알람, 날씨 위젯이 놓여 있습니다.   obj-m objGif "
DEV-025,iPhone 16e 128GB,FAILED_REVIEW_REQUIRED,https://support.apple.com/ko-kr/122208,,,기존 자동 추출 실패,no high-confidence product image found; top candidates: 27:https://cdsassets.apple.com/live/7WUAS350/images/tech-specs/122208-iphone-16e.png | 27:https://cdsassets.apple.com/live/7WUAS350/images/tech-specs/122208-iphone-16e-portimage1.png | 27:https://cdsassets.apple.com/live/7WUAS350/images/tech-specs/122208-iphone-16e-portimage2.png | 12:https://support.apple.com/beacon.png | -208:https://cdsassets.apple.com/live/7WUAS350/images/tech-specs/image__bs3c7k4nox36_large_2x.png
DEV-027,iPhone 17 Pro Max 256GB,FAILED_REVIEW_REQUIRED,https://www.apple.com/kr/iphone-17-pro/,,,기존 자동 추출 실패,no high-confidence product image found; top candidates: 27:https://www.apple.com/v/iphone/home/ck/images/overview/chapternav/iphone_duo__hefmlegzwbmi_large.png | 27:https://www.apple.com/v/iphone/home/ck/images/overview/chapternav/iphone_duo__hefmlegzwbmi_large_2x.png | 27:https://www.apple.com/kr/iphone/home/images/overview/chapternav/iphone_18_pro__dj48ysc0yagm_large.png | 27:https://www.apple.com/kr/iphone/home/images/overview/chapternav/iphone_18_pro__dj48ysc0yagm_large_2x.png | 27:https://www.apple.com/v/iphone/home/ck/images/overview/chapternav/iphone_air__b5qmgl05ojyq_large.png
DEV-030,iPhone 18 Pro Max 256GB,FAILED_REVIEW_REQUIRED,https://www.apple.com/kr/iphone-18-pro/,,,기존 자동 추출 실패,no high-confidence product image found; top candidates: 27:https://www.apple.com/v/iphone-18-pro/b/images/site/localnav/iphone_duo__es1je56gg18i_large.png | 27:https://www.apple.com/v/iphone-18-pro/b/images/site/localnav/iphone_duo__es1je56gg18i_large_2x.png | 27:https://www.apple.com/kr/iphone-18-pro/images/site/localnav/iphone_18_pro__ezuydx8yjcia_large.png | 27:https://www.apple.com/kr/iphone-18-pro/images/site/localnav/iphone_18_pro__ezuydx8yjcia_large_2x.png | 27:https://www.apple.com/v/iphone-18-pro/b/images/site/localnav/iphone_air__c7j8qnq4ftci_large.png
DEV-031,iPhone 15 128GB,FAILED_REVIEW_REQUIRED,https://support.apple.com/ko-kr/111831,,,기존 자동 추출 실패,no high-confidence product image found; top candidates: 27:https://cdsassets.apple.com/live/7WUAS350/images/tech-specs/iphone_15_hero.png | 27:https://cdsassets.apple.com/live/7WUAS350/images/tech-specs/111831-iphone-15-port-image1.png | 27:https://cdsassets.apple.com/live/7WUAS350/images/tech-specs/111831-iphone-15-port-image2.png | 12:https://support.apple.com/beacon.png | -208:https://cdsassets.apple.com/live/7WUAS350/images/tech-specs/image__bs3c7k4nox36_large_2x.png
DEV-032,iPhone 15 Plus 128GB,FAILED_REVIEW_REQUIRED,https://support.apple.com/ko-kr/111830,,,기존 자동 추출 실패,no high-confidence product image found; top candidates: 27:https://cdsassets.apple.com/live/7WUAS350/images/tech-specs/iphone_15_plus_hero.png | 27:https://cdsassets.apple.com/live/7WUAS350/images/tech-specs/111830-iphone-15-plus-portimage-1.png | 27:https://cdsassets.apple.com/live/7WUAS350/images/tech-specs/111830-iphone-15-plus-portimage-2.png | 12:https://support.apple.com/beacon.png | -208:https://cdsassets.apple.com/live/7WUAS350/images/tech-specs/image__bs3c7k4nox36_large_2x.png
DEV-033,iPhone 15 Pro 128GB,FAILED_REVIEW_REQUIRED,https://support.apple.com/ko-kr/111829,,,기존 자동 추출 실패,no high-confidence product image found; top candidates: 27:https://cdsassets.apple.com/live/7WUAS350/images/tech-specs/iphone_15_pro.png | 27:https://cdsassets.apple.com/live/7WUAS350/images/tech-specs/111828-iphone-15-pro-max-portimage-1.png | 27:https://cdsassets.apple.com/live/7WUAS350/images/tech-specs/111828-iphone-15-pro-max-portimage-2.png | 12:https://support.apple.com/beacon.png | -208:https://cdsassets.apple.com/live/SZLF0YNV/images/sp/111339_KRcertificate.png
DEV-034,iPhone 15 Pro Max 256GB,FAILED_REVIEW_REQUIRED,https://support.apple.com/ko-kr/111828,,,기존 자동 추출 실패,no high-confidence product image found; top candidates: 27:https://cdsassets.apple.com/live/7WUAS350/images/tech-specs/iphone-15-pro-max.png | 27:https://cdsassets.apple.com/live/7WUAS350/images/tech-specs/111828-iphone-15-pro-max-portimage-1.png | 27:https://cdsassets.apple.com/live/7WUAS350/images/tech-specs/111828-iphone-15-pro-max-portimage-2.png | 12:https://support.apple.com/beacon.png | -208:https://cdsassets.apple.com/live/SZLF0YNV/images/sp/111339_KRcertificate.png
DEV-035,Galaxy S23 FE 256GB,OK_REPLACED,https://www.samsung.com/sec/smartphones/galaxy-s23-fe-5g-s711/SM-S711NZAWKOD/,https://images.samsung.com/kdp/static/pd/smartphone/SM-S711N_m_14_1.jpg?$FB_TYPE_L_MO_JPG$,542,대표 이미지 개선: 기능 설명 이미지 대신 단말 대표 이미지,"잠금 화면 설정이 변경되고 있는 갤럭시 S23 FE 기기의 정면 모습입니다. 그 뒤에는 다양한 위젯과 배경화면이 표시되며, 잠금 화면에서 비디오 재생을 생성하는 비디오 편집기도 있습니다.   obj-m objGif "
DEV-036,Galaxy Jump3 128GB,FAILED_REVIEW_REQUIRED,https://www.samsung.com/sec/support/model/SM-M446KZKAKTC/,,,기존 자동 추출 실패,no high-confidence product image found; top candidates: 57:https://images.samsung.com/kdp/goods/2023/12/01/e3d96233-83ca-4789-a812-67c77cd01667.png?$450_N_PNG$ | 12:https://www.samsung.com/sec/static/_images/common/sns-kakao@3x.png | 12:https://www.samsung.com/sec/static/_images/common/sns-facebook@3x.png | 12:https://images.samsung.com/kdp/b2c/content/welcomePopupImg.png | -208:https://images.samsung.com/kdp/common/img-induce-benefit-4.png
DEV-040,Galaxy A25 5G 128GB,OK_REPLACED,https://www.samsung.com/sec/smartphones/galaxy-a25-5g-a256/SM-A256NZKAKOO/,https://images.samsung.com/kdp/static/pd/smartphone/SM-A256N_mo_09_1.jpg?$FB_TYPE_L_MO_JPG$,542,대표 이미지 개선: Smart Switch 이미지 대신 단말 대표 이미지,스마트 스위치를 사용하여 왼쪽의 다양한 스마트폰과 태블릿에서 오른쪽의 갤럭시 A25 5G로 데이터를 전송하는 모습입니다. 갤럭시 A25 5G 화면에서는 전송 진행률이 63.8 %로 표시됩니다.   obj-m objGif 
DEV-041,Galaxy A35 5G 128GB,OK_REPLACED,https://www.samsung.com/sec/smartphones/galaxy-a35-5g-a356/SM-A356NLBWKOO/,https://images.samsung.com/kdp/static/pd/smartphone/SM-A356N_mo_14_1.jpg?$FB_TYPE_L_MO_JPG$,362,대표 이미지 개선: Smart Switch 이미지 대신 단말 대표 이미지,"스마트폰에 데이터 전송 과정이 표시됩니다. 주변에는 스마트 스위치 로고가 있고, 다양한 앱 아이콘이 나열되어 있습니다.   obj-m objGif "
DEV-044,iPhone 16 128GB,FAILED_REVIEW_REQUIRED,https://support.apple.com/ko-kr/121029,,,기존 자동 추출 실패,no high-confidence product image found; top candidates: 27:https://cdsassets.apple.com/live/7WUAS350/images/tech-specs/iphone-16.png | 12:https://support.apple.com/beacon.png | -208:https://cdsassets.apple.com/live/7WUAS350/images/tech-specs/image__bs3c7k4nox36_large_2x.png
DEV-045,iPhone 16 Plus 128GB,FAILED_REVIEW_REQUIRED,https://support.apple.com/ko-kr/121030,,,기존 자동 추출 실패,no high-confidence product image found; top candidates: 27:https://cdsassets.apple.com/live/7WUAS350/images/tech-specs/121030-iphone-16-plus.png | 12:https://support.apple.com/beacon.png | -208:https://cdsassets.apple.com/live/7WUAS350/images/tech-specs/image__bs3c7k4nox36_large_2x.png
DEV-046,iPhone 16 Pro 128GB,FAILED_REVIEW_REQUIRED,https://support.apple.com/ko-kr/121031,,,기존 자동 추출 실패,no high-confidence product image found; top candidates: 27:https://cdsassets.apple.com/live/7WUAS350/images/tech-specs/121031-iphone-16-pro.png | 27:https://cdsassets.apple.com/live/7WUAS350/images/tech-specs/121031-iphone-16-pro-portimage-1.png | 27:https://cdsassets.apple.com/live/7WUAS350/images/tech-specs/121031-iphone-16-pro-portimage-2.png | 12:https://support.apple.com/beacon.png | -208:https://cdsassets.apple.com/live/7WUAS350/images/tech-specs/image__bs3c7k4nox36_large_2x.png
DEV-047,iPhone 16 Pro Max 256GB,FAILED_REVIEW_REQUIRED,https://support.apple.com/ko-kr/121032,,,기존 자동 추출 실패,no high-confidence product image found; top candidates: 27:https://cdsassets.apple.com/live/7WUAS350/images/tech-specs/121032-iphone-16-pro-max.png | 27:https://cdsassets.apple.com/live/7WUAS350/images/tech-specs/121032-iphone-16-pro-max-portimage-1.png | 27:https://cdsassets.apple.com/live/7WUAS350/images/tech-specs/121032-iphone-16-pro-max-portimage-2.png | 12:https://support.apple.com/beacon.png | -208:https://cdsassets.apple.com/live/7WUAS350/images/tech-specs/image__bs3c7k4nox36_large_2x.png
