device_id,device_name,status,official_source_page,image_url,score,note
DEV-006,Galaxy S26+ 256GB,OK,https://www.samsung.com/sec/smartphones/galaxy-s26/buy/?modelCode=SM-S947NZKAKOO,https://images.samsung.com/kdp/static/pd/smartphone/galaxy-s26/SM-S942N_web_00_KV_no-cta_1.jpg,150,갤럭시 S26과 갤럭시 S26+의 후면을 클로즈업하여 카메라 렌즈를 강조합니다. Galaxy AI가 표시되어 있습니다.   
DEV-007,Galaxy S26 Ultra 256GB,OK,https://www.samsung.com/sec/smartphones/galaxy-s26-ultra/specs/,https://images.samsung.com/kdp/st/1/17875ef3-e132-4a7e-abfb-2622dd6c8a9c.jpg,4,twitter:image
DEV-008,Galaxy S26 FE 256GB,OK,https://www.samsung.com/sec/smartphones/galaxy-s26-fe/,https://images.samsung.com/kdp/cms_task/C20260806000273/73861/61d1d494-4b90-4019-bb4a-e210165305fd.jpg?$ORIGIN_JPG$,290,"피스타치오 색상의 갤럭시 S26 FE 기기 두 대가 클로즈업되어 나타납니다. 한 기기는 뒷면을 강조하며 후면 트리플 카메라 디자인을 나타내고, 다른 한 대는 전면을 향하며 선글라스를 쓰고 미소를 짓고 있는 사람의 모습이 화면에 생생하게 표시됩니다. 갤럭시 S26 FE와 함께 Galaxy AI 로고가 나타납니다.   loz"
DEV-009,Galaxy Z Fold8 Ultra 256GB,OK,https://www.samsung.com/sec/smartphones/galaxy-z-fold8-ultra/specs/,https://images.samsung.com/kdp/st/1/17875ef3-e132-4a7e-abfb-2622dd6c8a9c.jpg,4,twitter:image
DEV-010,Galaxy S25 256GB,OK,https://www.samsung.com/sec/smartphones/galaxy-s25-s931/SM-S931NLBEKOO/,https://images.samsung.com/kdp/static/pd/banner/SM-S931N_web_00_KV_CTA_0210.jpg,480,Galaxy S25 | S25+  Galaxy AI : 갤럭시 S25와 갤럭시 S25+가 서로 겹쳐진 채로 약간 기울어져 있습니다. Galaxy AI 로고가 표시되어 있습니다.   
DEV-011,Galaxy S25+ 256GB,FAILED_REVIEW_REQUIRED,https://www.samsung.com/sec/smartphones/galaxy-s25/specs/,,,no verified product image candidate found
DEV-012,Galaxy S25 Ultra 256GB,OK,https://www.samsung.com/sec/smartphones/galaxy-s25-ultra-s938/SM-S938NZKAKOO/,https://images.samsung.com/kdp/static/pd/banner/SM-S938N_web_00_KV_CTA_0117.jpg,480,Galaxy S25 Ultra  Galaxy AI : 두 대의 갤럭시 S25 울트라가 서로 겹쳐진 채로 약간 기울어져 있습니다. 후면을 보이고 있는 기기에는 S펜이 함께 놓여있습니다. Galaxy AI 로고가 표시되어 있습니다.   
DEV-013,Galaxy S25 Edge 256GB,OK,https://www.samsung.com/sec/smartphones/galaxy-s25-edge/,https://images.samsung.com/sec/smartphones/galaxy-s25-edge/images/galaxy-s25-edge-features-kv.jpg?imbypass=true,120,"갤럭시 S25 엣지가 전원 버튼 방향으로 놓여 있습니다. Galaxy AI, Beyond Slim이라는 텍스트가 함께 표시되고 있습니다.   "
DEV-014,Galaxy S25 FE 256GB,OK,https://www.samsung.com/sec/smartphones/galaxy-s25-fe-s731/SM-S731NZKWKOO/,https://images.samsung.com/kdp/static/pd/smartphone/SM-S731N_mo_25_1.jpg?$FB_TYPE_L_MO_JPG$,370,네이비 색상 후면과 트리플 후면 카메라를 탑재한 갤럭시 S25 FE 스마트폰이 표시되어 있습니다. 화면에는 '7배 더 강화된 OS 업그레이드 및 보안 업그레이드'라는 문구가 표시되어 소프트웨어 및 보안 지원이 더욱 강화되었음을 알려줍니다.   obj-m objGif
DEV-015,Galaxy Z Fold7 256GB,OK,https://www.samsung.com/sec/smartphones/galaxy-z-fold7-f966v/SM-F966NZSPKOO/,https://images.samsung.com/kdp/cms_task/C20250714000213/35132/86913557-ac5a-4f33-bbfb-3858eeb690e0.jpg?$ORIGIN_JPG$,150,갤럭시 Z 폴드7의 커버 디스플레이에서 왼쪽 화면에 떠있는 웹사이트의 텍스트 내용을 Galaxy AI가 요약 생성하고 있습니다. 파란색 커서를 따라 폴드7 커버 디스플레이 중간에 웹사이트에 대해 요약되는 효과가 보입니다.   lozad
DEV-016,Galaxy Z Flip7 256GB,OK,https://www.samsung.com/sec/smartphones/galaxy-z-flip7-f766/SM-F766NZKAKOO/,https://images.samsung.com/kdp/goods/2025/06/12/1273c599-5f35-47eb-9502-2e65e7b0e42f.png?$Q90_776_776_F_JPG$,140,갤럭시 Z 플립7 자급제 제트블랙 왼쪽에는 외부 디스플레이가 보이도록 완전히 펼쳐진 제품이 있고 오른쪽에는 안쪽 메인 디스플레이가 보이는 상태로 90도로 접힌 상태의 제품이 있습니다.    
DEV-017,Galaxy Z Flip7 FE 256GB,OK,https://www.samsung.com/sec/smartphones/galaxy-z-flip7fe-f761v/SM-F761NZKVKOO/,https://images.samsung.com/kdp/goods/2025/07/03/7d77b249-be13-4c3a-8402-abe2c7993cc7.png?$Q90_776_776_F_JPG$,140,갤럭시 Z 플립7 FE 자급제 블랙 왼쪽에는 외부 디스플레이가 보이도록 완전히 펼쳐진 제품이 있고 오른쪽에는 안쪽 메인 디스플레이가 보이는 상태로 90도로 접힌 상태의 제품이 있습니다.   
DEV-018,Galaxy A37 5G 128GB,OK,https://www.samsung.com/sec/smartphones/galaxy-a37-5g-a376/SM-A376NZWAKOO/,https://images.samsung.com/kdp/static/pd/mobile/galaxy-a37/SM-A376N_web_14_1_carousel.jpg,370,도시의 강 위에 놓인 다리에 기대어 서 있는 젊은 여성의 사진입니다. 갤럭시 A37 5G의 AI 지우개 기능을 사용해 배경에 있는 주변 인물과 사물들이 지워질 대상으로 선택되어 있는 모습입니다.   visual_img pc
DEV-019,Galaxy A36 5G 128GB,OK,https://www.samsung.com/sec/smartphones/galaxy-a36-5g-a366/SM-A366NZKAKOO/,https://images.samsung.com/kdp/static/pd/smartphone/SM-A366N_mo_12_1.jpg,230,"중앙에 스마트폰 잠금 화면이 있고, 하단의 나우 바에 삼성 헬스의 달리기 트래커가 표시되어 있습니다. 화면 주변에는 갤러리, 일일 활동, 알람, 날씨 위젯이 놓여 있습니다.   obj-m objGif"
DEV-020,Galaxy A17 LTE 128GB,OK,https://www.samsung.com/sec/smartphones/galaxy-a17-a175/SM-A175NZKAKOO/,https://images.samsung.com/kdp/cms_task/C20251029000031/37133/8d7a0c95-8110-4fbe-bbe1-93f21b409f8f.jpg?$ORIGIN_JPG$,290,"Galaxy A17 블랙, 라이트 블루, 그레이 3가지 색상의 갤럭시 A17이 다양한 각도에서 세련되고 슬림한 디자인을 강조합니다. Super AMOLED 대화면 디스플레이, 50MP의 고해상도 광각 카메라, 5,000mAh의 대용량 배터리   lozad obj-m"
DEV-021,Galaxy A16 LTE 128GB,OK,https://www.samsung.com/br/smartphones/galaxy-a/galaxy-a16-black-128gb-sm-a165mzkdzto/,https://images.samsung.com/is/image/samsung/p6pim/br/sm-a165mzkdzto/gallery/br-galaxy-a16-sm-a165-sm-a165mzkdzto-544286907?$624_468_PNG$,230,   
DEV-022,Galaxy Jump5 128GB,OK,https://www.samsung.com/sec/smartphones/galaxy-a27-5g-a276-co/SM-A276KZKAKTC/,https://images.samsung.com/kdp/goods/2026/06/18/00e3038b-c768-4792-964d-8207c8632a6c.png,4,twitter:image
DEV-023,Galaxy Jump4 128GB,OK,https://www.samsung.com/sec/smartphones/galaxy-m36-5g-sm-m366/SM-M366KZKCKTC/,https://images.samsung.com/kdp/static/pd/smartphone/SM-M166S_mo_09_1.jpg?$FB_TYPE_L_MO_JPG$,10,데이터 전송 과정을 보여주는 스마트폰. 휴대폰 주변에는 다채로운 앱 아이콘과 Smart Switch 로고가 있습니다.   obj-m objGif
DEV-024,Galaxy S24 FE 256GB,OK,https://www.samsung.com/sec/smartphones/galaxy-s24-fe-s721/SM-S721NZKWKOO/,https://images.samsung.com/kdp/goods/2024/10/23/00fb311d-308b-460a-88fc-5b7001498b63.png?$Q90_776_776_F_JPG$,140,"갤럭시 S24 FE 자급제 그라파이트 제품 2개가 나란히 포개져 있고, 왼쪽에는 카메라 홀이 보이는 뒷면 방향으로 오른쪽에는 메인 디스플레이가 보이는 정면 방향으로 제품이 놓여 있습니다.    "
DEV-025,iPhone 16e 128GB,FAILED_REVIEW_REQUIRED,https://support.apple.com/ko-kr/122208,,,no verified product image candidate found
DEV-026,iPhone Air 256GB,OK,https://www.apple.com/kr/iphone-air/,https://www.apple.com/kr/iphone-air/images/overview/welcome/hero__c8vidxwr9imq_xlarge.jpg,150,"스카이 블루 색상 iPhone Air의 옆면. 매우 얇은 두께, Fusion 카메라 시스템, 측면 버튼, 카메라 컨트롤이 보입니다.   "
DEV-027,iPhone 17 Pro Max 256GB,FAILED_REVIEW_REQUIRED,https://www.apple.com/kr/iphone-17-pro/specs/,,,no verified product image candidate found
DEV-028,iPhone 17e 256GB,OK,https://www.apple.com/kr/iphone-17e/,https://www.apple.com/kr/iphone-17e/images/overview/highlights/highlights_design_endframe__crx8inqsi8k2_large.jpg,230,"소프트 핑크 색상 iPhone 17e와 화이트 색상 iPhone 17e가 앞뒤로 포개진 모습. Super Retina 디스플레이, 48MP Fusion 카메라, 둥근 형태의 모서리가 보입니다.   "
DEV-029,iPhone 18 Pro 256GB,OK,https://www.apple.com/kr/iphone-18-pro/,https://www.apple.com/kr/iphone-18-pro/images/overview/aio/hero__elo7tt0mnqy6_large.jpg,230,"iPhone 18 Pro 버건디 마감 모델의 부분 뒷면. 비스듬한 각도로 왼쪽 상단 구석의 Pro 카메라 시스템, 렌즈 세 개, 마이크, 플래시를 보여줍니다.   "
DEV-030,iPhone 18 Pro Max 256GB,FAILED_REVIEW_REQUIRED,https://www.apple.com/kr/iphone-18-pro/,,,no verified product image candidate found
DEV-031,iPhone 15 128GB,FAILED_REVIEW_REQUIRED,https://support.apple.com/ko-kr/111831,,,no verified product image candidate found
DEV-032,iPhone 15 Plus 128GB,FAILED_REVIEW_REQUIRED,https://support.apple.com/ko-kr/111830,,,no verified product image candidate found
DEV-033,iPhone 15 Pro 128GB,FAILED_REVIEW_REQUIRED,https://support.apple.com/ko-kr/111829,,,no verified product image candidate found
DEV-034,iPhone 15 Pro Max 256GB,FAILED_REVIEW_REQUIRED,https://support.apple.com/ko-kr/111828,,,no verified product image candidate found
DEV-035,Galaxy S23 FE 256GB,OK,https://www.samsung.com/sec/smartphones/galaxy-s23-fe-5g-s711/SM-S711NZAWKOD/,https://images.samsung.com/kdp/static/pd/smartphone/SM-S711N_m_14_1.jpg?$FB_TYPE_L_MO_JPG$,370,"잠금 화면 설정이 변경되고 있는 갤럭시 S23 FE 기기의 정면 모습입니다. 그 뒤에는 다양한 위젯과 배경화면이 표시되며, 잠금 화면에서 비디오 재생을 생성하는 비디오 편집기도 있습니다.   obj-m objGif"
DEV-036,Galaxy Jump3 128GB,FAILED_REVIEW_REQUIRED,https://www.samsung.com/sec/support/model/SM-M446KZKAKTC/,,,no verified product image candidate found
DEV-037,Galaxy S24 256GB,OK,https://www.samsung.com/sec/smartphones/galaxy-s24-s921/SM-S921NZKEKOO/,https://images.samsung.com/kdp/goods/2023/12/28/ee3ec32e-85df-4a66-b5df-f9fa02c874a9.png?$Q90_776_776_F_JPG$,140,"갤럭시 S24 자급제 오닉스 블랙 제품 2개가 나란히 포개져 있고, 왼쪽에는 카메라 홀이 보이는 뒷면 방향으로 오른쪽에는 메인 디스플레이가 보이는 정면 방향으로 제품이 놓여 있습니다.    "
DEV-038,Galaxy S24+ 256GB,OK,https://www.samsung.com/sec/smartphones/galaxy-s24-plus-s926-cpo/SM-S926NLBAKOO/,https://images.samsung.com/kdp/goods/2023/12/28/c6c2390c-b1ab-492e-aee5-504ae35a3cec.png?$Q90_776_776_F_JPG$,140,"갤럭시 S24+ 자급제 (삼성닷컴/삼성 강남 전용컬러) 사파이어 블루 제품 2개가 나란히 포개져 있고, 왼쪽에는 카메라 홀이 보이는 뒷면 방향으로 오른쪽에는 메인 디스플레이가 보이는 정면 방향으로 제품이 놓여 있습니다.    "
DEV-039,Galaxy S24 Ultra 256GB,OK,https://www.samsung.com/sec/smartphones/galaxy-s24-ultra/,https://images.samsung.com/kdp/static/mkt/smartphones/galaxy-s24-ultra/images/galaxy-s24-ultra-highlights-kv-sec-low.jpg?imbypass=true,120,티타늄 그레이 색상의 갤럭시 S24 Ultra 2대가 있습니다. 1대는 후면을 드러내고 있습니다. 상단에 내장된 S 펜이 있습니다. 다른 1대는 정면을 향하고 있습니다.   
DEV-040,Galaxy A25 5G 128GB,OK,https://www.samsung.com/sec/smartphones/galaxy-a25-5g-a256/SM-A256NZKAKOO/,https://images.samsung.com/kdp/static/pd/smartphone/SM-A256N_mo_09_1.jpg?$FB_TYPE_L_MO_JPG$,370,스마트 스위치를 사용하여 왼쪽의 다양한 스마트폰과 태블릿에서 오른쪽의 갤럭시 A25 5G로 데이터를 전송하는 모습입니다. 갤럭시 A25 5G 화면에서는 전송 진행률이 63.8 %로 표시됩니다.   obj-m objGif
DEV-041,Galaxy A35 5G 128GB,OK,https://www.samsung.com/sec/smartphones/galaxy-a35-5g-a356/SM-A356NLBWKOO/,https://images.samsung.com/kdp/static/pd/smartphone/SM-A356N_mo_14_1.jpg?$FB_TYPE_L_MO_JPG$,230,"스마트폰에 데이터 전송 과정이 표시됩니다. 주변에는 스마트 스위치 로고가 있고, 다양한 앱 아이콘이 나열되어 있습니다.   obj-m objGif"
DEV-042,Galaxy Z Fold6 256GB,OK,https://www.samsung.com/sec/smartphones/galaxy-z-fold6/,https://images.samsung.com/sec/smartphones/galaxy-z-fold6/images/galaxy-z-fold6-features-kv.jpg?imbypass=true,260,살짝 펼쳐진 갤럭시 Z 폴드6의 비스듬한 모습입니다.   
DEV-043,Galaxy Z Flip6 256GB,OK,https://www.samsung.com/sec/smartphones/galaxy-z-flip6/specs/,https://images.samsung.com/sec/smartphones/galaxy-z-flip6/specs/images/galaxy-z-flip6-share-image.jpg,154,twitter:image
DEV-044,iPhone 16 128GB,FAILED_REVIEW_REQUIRED,https://support.apple.com/ko-kr/121029,,,no verified product image candidate found
DEV-045,iPhone 16 Plus 128GB,FAILED_REVIEW_REQUIRED,https://support.apple.com/ko-kr/121030,,,no verified product image candidate found
DEV-046,iPhone 16 Pro 128GB,FAILED_REVIEW_REQUIRED,https://support.apple.com/ko-kr/121031,,,no verified product image candidate found
DEV-047,iPhone 16 Pro Max 256GB,FAILED_REVIEW_REQUIRED,https://support.apple.com/ko-kr/121032,,,no verified product image candidate found
DEV-048,Galaxy A15 LTE 128GB,OK,https://www.samsung.com/sec/smartphones/galaxy-a15-lte-a155/SM-A155NZKEKOO/,https://images.samsung.com/kdp/cms_contents/352894/7c7c0c73-5e4b-4b66-a372-e2349e1aecb7.jpg?$ORIGIN_JPG$,290,우측 15도 뒷면 + 스크린이 켜진 정면을 바라보고 있는 라이트 블루 컬러의 갤럭시 A15 두 대가 놓여져 있습니다. 갤럭시 A15 기기 옆에는 Galaxy A15 LTE 모델명이 보입니다. 하단에는 3개의 특장점을 나타내고 있습니다. 첫번째 특장점은 Super AMOLED 대화면 디스플레이 문구와 90 Hz 문구가 써 
